{
    "calibration_time": "Thu May 25 17:39:54 2017", 
    "nr_of_frames": 19, 
    "image_width": 1280, 
    "image_height": 720, 
    "board_width": 7, 
    "board_height": 5, 
    "square_size": 28.62, 
    "fix_aspect_ratio": 1.0, 
    "flags": 10, 
    "fisheye_model": 1, 
    "camera_matrix": [
        [
            843.4297067175838, 
            0.0, 
            649.8732297594102
        ], 
        [
            0.0, 
            640.2490558570149, 
            363.99357718224474
        ], 
        [
            0.0, 
            0.0, 
            1.0
        ]
    ], 
    "distortion_coefficients": [
        -0.07782861976207872, 
        0.10197485058978961, 
        -0.3397023696417826, 
        0.3313787575348818
    ], 
    "avg_reprojection_error": 0.42628552724935043, 
    "per_view_reprojection_errors": [
        0.2588234227240105, 
        0.25544575097735656, 
        0.40210093513645423, 
        0.20184952260950542, 
        0.275442494490493, 
        0.2734653791257488, 
        0.3593950470096156, 
        0.31826840650899546, 
        0.3279565942453747, 
        0.36129340520503417, 
        0.4234052741085115, 
        0.38066485242433823, 
        0.44039546420792164, 
        0.34621793455839694, 
        0.5000966199850893, 
        0.6704365976166207, 
        0.6258541470321847, 
        0.6410291173497873, 
        0.5988412826715966
    ]
}